size;time
590;0.080000 
1190;0.030000 
1790;0.040000 
2390;0.110000 
2990;0.130000 
3590;0.150000 
4190;0.250000 
4790;0.230000 
5390;0.290000 
5990;0.340000 
6590;0.450000 
7190;0.460000 
7790;0.700000 
8390;0.800000 
8990;0.980000 
9590;1.160000 
10190;1.500000 
10790;1.660000 
11390;1.710000 
11990;1.990000 
12590;2.240000 
13190;2.780000 
13790;1.810000 
14390;3.370000 
14990;3.800000 
15590;4.540000 
16190;5.100000 
16790;5.480000 
17390;6.040000 
17990;6.380000 
