size;time
590;1.430000 
1190;1.620000 
1790;1.550000 
2390;1.450000 
2990;3.290000 
3590;2.320000 
4190;3.640000 
4790;4.240000 
5390;5.570000 
5990;5.670000 
6590;5.770000 
7190;8.660000 
7790;7.440000 
8390;9.810000 
8990;10.720000 
9590;11.490000 
10190;13.050000 
10790;13.330000 
11390;15.400000 
11990;17.170000 
12590;22.790000 
13190;21.330000 
13790;22.000000 
14390;27.460000 
14990;28.000000 
15590;30.880000 
16190;35.560000 
16790;35.260000 
17390;38.540000 
17990;42.100000 
