size;time
590;0.000000 
1190;0.000000 
1790;0.000000 
2390;0.000000 
2990;0.000000 
3590;0.000000 
4190;1.000000 
4790;1.000000 
5390;2.000000 
5990;6.000000 
